Workbook

Sheet Overview
A1: Prod_calculation — Calculation Reference
A2: A working reference of every formula used in the Prod_calculation dashboard, with live examples on each tab.
A4: Tab | B4: What it covers
A5: Skill Reference | B5: The 19 configured skills — Target, Rating 1-5 thresholds, and whether a lower Actual is better (AHT-type skills).
A6: Skill Rating Calc | B6: How a single skill's Actual/Target becomes a 1.0-5.0 rating — the step-vs-interpolate rule, worked example with live formulas.
A7: Final Production Rate | B7: How per-skill ratings combine into one employee's Final Production Rate, weighted by Production Hours.
A8: DPU & DPO | B8: The two quality metrics from the Quality tab — Defects Per Unit and Defects Per Opportunity — worked example.
A9: Pass-Fail & Team Metrics | B9: The Pass/Fail rule, Team Pass Rate, Prod Penetration Rate, and Supervisor/Manager PAR%.
A11: Blue text = an input you can change to test the calculation. Black text = a formula that recalculates automatically. Every number here matches the live logic in the Prod_calculation website as of the date this file was generated.
A13: General notes: Employees are grouped by EID (not name) across tabs. Supervisor and Manager are independent fields, not a hierarchy — an employee has both, and PAR% can be computed either way. Rating-threshold edits are locked in the live app (session-only for Target); this workbook mirrors the values currently baked into the app's code.

Sheet Skill Reference
A1: Skill Reference Table
A2: Exact values currently configured in the Prod_calculation app (as of this file's generation).
A4: Skill | B4: Target | C4: Attributes (DPO) | D4: Lower is Better? | E4: Rating 5 | F4: Rating 4 | G4: Rating 3 | H4: Rating 2 | I4: Rating 1
A5: OCN | B5: 14.5 | C5: 34 | D5: No | E5: 1.5385 | F5: 1.2222 | G5: 1 | H5: 0.6667 | I5: 0
A6: Outreach | B6: 9.5 | C6: 14 | D6: No | E6: 1.5 | F6: 1.2317 | G6: 1 | H6: 0.7779 | I6: 0
A7: B vs D | B7: 6 | C7: 23 | D7: No | E7: 1.45 | F7: 1.2601 | G7: 1 | H7: 0.75 | I7: 0
A8: EDITS | B8: 8 | C8: 8 | D8: No | E8: 1.6663 | F8: 1.4326 | G8: 1 | H8: 0.6838 | I8: 0
A9: C&S Pharma Admin | B9: 8 | C9: 23 | D9: No | E9: 1.5862 | F9: 1.3 | G9: 1 | H9: 0.7138 | I9: 0
A10: C&S Appeals Verification | B10: 9 | C10: 23 | D10: No | E10: 1.4178 | F10: 1.2356 | G10: 1 | H10: 0.7733 | I10: 0
A11: AV Commercial | B11: 9 | C11: 23 | D11: No | E11: 1.4178 | F11: 1.2356 | G11: 1 | H11: 0.7733 | I11: 0
A12: Clinical Appeals | B12: 5.3 | C12: 23 | D12: No | E12: 1.5094 | F12: 1.3113 | G12: 1 | H12: 0.8622 | I12: 0
A13: A&M - Cancellation WB | B13: 9 | C13: 23 | D13: No | E13: 2.6 | F13: 1.999 | G13: 1 | H13: 0.8 | I13: 0
A14: A&M - Cancellation SP | B14: 16 | C14: 23 | D14: No | E14: 1.6667 | F14: 1.4158 | G14: 1 | H14: 0.75 | I14: 0
A15: A&M - Live | B15: 25 | C15: 23 | D15: No | E15: 1.6667 | F15: 1.4158 | G15: 1 | H15: 0.75 | I15: 0
A16: Outreach Denial | B16: 10.5 | C16: 23 | D16: No | E16: 1.38 | F16: 1.19 | G16: 1 | H16: 0.75 | I16: 0
... A24: Misroutes | B24: 1.97 | C24: 23 | D24: No | E24: 1.2741 | F24: 1.1675 | G24: 1 | H24: 0.8934 | I24: 0
A26: Attributes without a specific value fall back to a default of 23 per audit (used only when the Quality tab's Skill column doesn't match a configured skill). "Lower is Better" skills flip the ratio formula: Ratio = Target / Actual instead of Actual / Target — these are the AHT-type skills where a faster handle time is the goal.

Sheet Skill Rating Calc
A1: How a Single Skill's Rating Is Calculated
A2: Change the blue cells (Skill name, Actual) and watch the Rating recalculate.
A4: RULE — Below the Rating 3 threshold, the rating is a flat STEP (no interpolation): Ratio at or below Rating 1 threshold -> 1.0 flat. Between Rating 1 and Rating 2 thresholds -> 1.0 flat. Between Rating 2 and Rating 3 thresholds -> 2.0 flat. AT OR ABOVE the Rating 3 threshold, the rating IS linearly interpolated between whichever two consecutive thresholds it falls between (3-4 or 4-5 band), capped at 5.0 above the Rating 5 threshold.
A7: Skill | B7: Actual | C7: Target (looked up) | D7: Lower Better? | E7: Ratio | F7: Min Thr | G7: Max Thr | H7: Frac. | I7: Rating
A8: Fax | B8: 8 | C8: =INDEX('Skill Reference'!$B$5:$B$24,MATCH($A8,'Skill Reference'!$A$5:$A$24,0)) -> 11 | D8: =INDEX('Skill Reference'!$D$5:$D$24,MATCH($A8,'Skill Reference'!$A$5:$A$24,0)) -> No | E8: =IF($D8="Yes",$C8/$B8,$B8/$C8) -> 0.72727273 | F8: =IF($E8<=INDEX('Skill Reference'!$I$5:$I$24,MATCH($A8,'Skill Reference'!$A$5:$A$24,0)),INDEX('Skill Reference'!$I$5:$I$24,MATCH($A8,'Skill Reference'!$A$5:$A$24,0)),IF($E8<INDEX('Skill Reference'!$H$5:$H$24,MATCH($A8,'Skill Reference'!$A$5:$A$24,0)),INDEX('Skill Reference'!$I$5:$I$24,MATCH($A8,'Skill Reference'!$A$5:$A$24,0)),IF($E8<INDEX('Skill Reference'!$G$5:$G$24,MATCH($A8,'Skill Reference'!$A$5:$A$24,0)),INDEX('Skill Reference'!$H$5:$H$24,MATCH($A8,'Skill Reference'!$A$5:$A$24,0)),IF($E8<=INDEX('Skill Reference'!$F$5:$F$24,MATCH($A8,'Skill Reference'!$A$5:$A$24,0)),INDEX('Skill Reference'!$G$5:$G$24,MATCH($A8,'Skill Reference'!$A$5:$A$24,0)),INDEX('Skill Reference'!$F$5:$F$24,MATCH($A8,'Skill Reference'!$A$5:$A$24,0)))))) -> 0 | G8: =IF($E8<=INDEX('Skill Reference'!$I$5:$I$24,MATCH($A8,'Skill Reference'!$A$5:$A$24,0)),INDEX('Skill Reference'!$H$5:$H$24,MATCH($A8,'Skill Reference'!$A$5:$A$24,0)),IF($E8<INDEX('Skill Reference'!$H$5:$H$24,MATCH($A8,'Skill Reference'!$A$5:$A$24,0)),INDEX('Skill Reference'!$H$5:$H$24,MATCH($A8,'Skill Reference'!$A$5:$A$24,0)),IF($E8<INDEX('Skill Reference'!$G$5:$G$24,MATCH($A8,'Skill Reference'!$A$5:$A$24,0)),INDEX('Skill Reference'!$G$5:$G$24,MATCH($A8,'Skill Reference'!$A$5:$A$24,0)),IF($E8<=INDEX('Skill Reference'!$F$5:$F$24,MATCH($A8,'Skill Reference'!$A$5:$A$24,0)),INDEX('Skill Reference'!$F$5:$F$24,MATCH($A8,'Skill Reference'!$A$5:$A$24,0)),INDEX('Skill Reference'!$E$5:$E$24,MATCH($A8,'Skill Reference'!$A$5:$A$24,0)))))) -> 0.8955 | H8: =IF($E8<=INDEX('Skill Reference'!$I$5:$I$24,MATCH($A8,'Skill Reference'!$A$5:$A$24,0)),0,IF($E8<INDEX('Skill Reference'!$G$5:$G$24,MATCH($A8,'Skill Reference'!$A$5:$A$24,0)),0,IF($E8<=INDEX('Skill Reference'!$F$5:$F$24,MATCH($A8,'Skill Reference'!$A$5:$A$24,0)),($E8-INDEX('Skill Reference'!$G$5:$G$24,MATCH($A8,'Skill Reference'!$A$5:$A$24,0)))/(INDEX('Skill Reference'!$F$5:$F$24,MATCH($A8,'Skill Reference'!$A$5:$A$24,0))-INDEX('Skill Reference'!$G$5:$G$24,MATCH($A8,'Skill Reference'!$A$5:$A$24,0))),IF($E8<=INDEX('Skill Reference'!$E$5:$E$24,MATCH($A8,'Skill Reference'!$A$5:$A$24,0)),($E8-INDEX('Skill Reference'!$F$5:$F$24,MATCH($A8,'Skill Reference'!$A$5:$A$24,0)))/(INDEX('Skill Reference'!$E$5:$E$24,MATCH($A8,'Skill Reference'!$A$5:$A$24,0))-INDEX('Skill Reference'!$F$5:$F$24,MATCH($A8,'Skill Reference'!$A$5:$A$24,0))),1)))) -> 0 | I8: =IF($E8<=INDEX('Skill Reference'!$I$5:$I$24,MATCH($A8,'Skill Reference'!$A$5:$A$24,0)),1,IF($E8<INDEX('Skill Reference'!$H$5:$H$24,MATCH($A8,'Skill Reference'!$A$5:$A$24,0)),1,IF($E8<INDEX('Skill Reference'!$G$5:$G$24,MATCH($A8,'Skill Reference'!$A$5:$A$24,0)),2,IF($E8<=INDEX('Skill Reference'!$F$5:$F$24,MATCH($A8,'Skill Reference'!$A$5:$A$24,0)),3+($E8-INDEX('Skill Reference'!$G$5:$G$24,MATCH($A8,'Skill Reference'!$A$5:$A$24,0)))/(INDEX('Skill Reference'!$F$5:$F$24,MATCH($A8,'Skill Reference'!$A$5:$A$24,0))-INDEX('Skill Reference'!$G$5:$G$24,MATCH($A8,'Skill Reference'!$A$5:$A$24,0))),IF($E8<=INDEX('Skill Reference'!$E$5:$E$24,MATCH($A8,'Skill Reference'!$A$5:$A$24,0)),4+($E8-INDEX('Skill Reference'!$F$5:$F$24,MATCH($A8,'Skill Reference'!$A$5:$A$24,0)))/(INDEX('Skill Reference'!$E$5:$E$24,MATCH($A8,'Skill Reference'!$A$5:$A$24,0))-INDEX('Skill Reference'!$F$5:$F$24,MATCH($A8,'Skill Reference'!$A$5:$A$24,0))),5))))) -> 1
A9: Fax | B9: 10 | C9: =INDEX('Skill Reference'!$B$5:$B$24,MATCH($A9,'Skill Reference'!$A$5:$A$24,0)) -> 11 | D9: =INDEX('Skill Reference'!$D$5:$D$24,MATCH($A9,'Skill Reference'!$A$5:$A$24,0)) -> No | E9: =IF($D9="Yes",$C9/$B9,$B9/$C9) -> 0.90909091 | F9: =IF($E9<=INDEX('Skill Reference'!$I$5:$I$24,MATCH($A9,'Skill Reference'!$A$5:$A$24,0)),INDEX('Skill Reference'!$I$5:$I$24,MATCH($A9,'Skill Reference'!$A$5:$A$24,0)),IF($E9<INDEX('Skill Reference'!$H$5:$H$24,MATCH($A9,'Skill Reference'!$A$5:$A$24,0)),INDEX('Skill Reference'!$I$5:$I$24,MATCH($A9,'Skill Reference'!$A$5:$A$24,0)),IF($E9<INDEX('Skill Reference'!$G$5:$G$24,MATCH($A9,'Skill Reference'!$A$5:$A$24,0)),INDEX('Skill Reference'!$H$5:$H$24,MATCH($A9,'Skill Reference'!$A$5:$A$24,0)),IF($E9<=INDEX('Skill Reference'!$F$5:$F$24,MATCH($A9,'Skill Reference'!$A$5:$A$24,0)),INDEX('Skill Reference'!$G$5:$G$24,MATCH($A9,'Skill Reference'!$A$5:$A$24,0)),INDEX('Skill Reference'!$F$5:$F$24,MATCH($A9,'Skill Reference'!$A$5:$A$24,0)))))) -> 0.8955 | G9: =IF($E9<=INDEX('Skill Reference'!$I$5:$I$24,MATCH($A9,'Skill Reference'!$A$5:$A$24,0)),INDEX('Skill Reference'!$H$5:$H$24,MATCH($A9,'Skill Reference'!$A$5:$A$24,0)),IF($E9<INDEX('Skill Reference'!$H$5:$H$24,MATCH($A9,'Skill Reference'!$A$5:$A$24,0)),INDEX('Skill Reference'!$H$5:$H$24,MATCH($A9,'Skill Reference'!$A$5:$A$24,0)),IF($E9<INDEX('Skill Reference'!$G$5:$G$24,MATCH($A9,'Skill Reference'!$A$5:$A$24,0)),INDEX('Skill Reference'!$G$5:$G$24,MATCH($A9,'Skill Reference'!$A$5:$A$24,0)),IF($E9<=INDEX('Skill Reference'!$F$5:$F$24,MATCH($A9,'Skill Reference'!$A$5:$A$24,0)),INDEX('Skill Reference'!$F$5:$F$24,MATCH($A9,'Skill Reference'!$A$5:$A$24,0)),INDEX('Skill Reference'!$E$5:$E$24,MATCH($A9,'Skill Reference'!$A$5:$A$24,0)))))) -> 1 | H9: =IF($E9<=INDEX('Skill Reference'!$I$5:$I$24,MATCH($A9,'Skill Reference'!$A$5:$A$24,0)),0,IF($E9<INDEX('Skill Reference'!$G$5:$G$24,MATCH($A9,'Skill Reference'!$A$5:$A$24,0)),0,IF($E9<=INDEX('Skill Reference'!$F$5:$F$24,MATCH($A9,'Skill Reference'!$A$5:$A$24,0)),($E9-INDEX('Skill Reference'!$G$5:$G$24,MATCH($A9,'Skill Reference'!$A$5:$A$24,0)))/(INDEX('Skill Reference'!$F$5:$F$24,MATCH($A9,'Skill Reference'!$A$5:$A$24,0))-INDEX('Skill Reference'!$G$5:$G$24,MATCH($A9,'Skill Reference'!$A$5:$A$24,0))),IF($E9<=INDEX('Skill Reference'!$E$5:$E$24,MATCH($A9,'Skill Reference'!$A$5:$A$24,0)),($E9-INDEX('Skill Reference'!$F$5:$F$24,MATCH($A9,'Skill Reference'!$A$5:$A$24,0)))/(INDEX('Skill Reference'!$E$5:$E$24,MATCH($A9,'Skill Reference'!$A$5:$A$24,0))-INDEX('Skill Reference'!$F$5:$F$24,MATCH($A9,'Skill Reference'!$A$5:$A$24,0))),1)))) -> 0 | I9: =IF($E9<=INDEX('Skill Reference'!$I$5:$I$24,MATCH($A9,'Skill Reference'!$A$5:$A$24,0)),1,IF($E9<INDEX('Skill Reference'!$H$5:$H$24,MATCH($A9,'Skill Reference'!$A$5:$A$24,0)),1,IF($E9<INDEX('Skill Reference'!$G$5:$G$24,MATCH($A9,'Skill Reference'!$A$5:$A$24,0)),2,IF($E9<=INDEX('Skill Reference'!$F$5:$F$24,MATCH($A9,'Skill Reference'!$A$5:$A$24,0)),3+($E9-INDEX('Skill Reference'!$G$5:$G$24,MATCH($A9,'Skill Reference'!$A$5:$A$24,0)))/(INDEX('Skill Reference'!$F$5:$F$24,MATCH($A9,'Skill Reference'!$A$5:$A$24,0))-INDEX('Skill Reference'!$G$5:$G$24,MATCH($A9,'Skill Reference'!$A$5:$A$24,0))),IF($E9<=INDEX('Skill Reference'!$E$5:$E$24,MATCH($A9,'Skill Reference'!$A$5:$A$24,0)),4+($E9-INDEX('Skill Reference'!$F$5:$F$24,MATCH($A9,'Skill Reference'!$A$5:$A$24,0)))/(INDEX('Skill Reference'!$E$5:$E$24,MATCH($A9,'Skill Reference'!$A$5:$A$24,0))-INDEX('Skill Reference'!$F$5:$F$24,MATCH($A9,'Skill Reference'!$A$5:$A$24,0))),5))))) -> 2
A10: Fax | B10: 12 | C10: =INDEX('Skill Reference'!$B$5:$B$24,MATCH($A10,'Skill Reference'!$A$5:$A$24,0)) -> 11 | D10: =INDEX('Skill Reference'!$D$5:$D$24,MATCH($A10,'Skill Reference'!$A$5:$A$24,0)) -> No | E10: =IF($D10="Yes",$C10/$B10,$B10/$C10) -> 1.0909091 | F10: =IF($E10<=INDEX('Skill Reference'!$I$5:$I$24,MATCH($A10,'Skill Reference'!$A$5:$A$24,0)),INDEX('Skill Reference'!$I$5:$I$24,MATCH($A10,'Skill Reference'!$A$5:$A$24,0)),IF($E10<INDEX('Skill Reference'!$H$5:$H$24,MATCH($A10,'Skill Reference'!$A$5:$A$24,0)),INDEX('Skill Reference'!$I$5:$I$24,MATCH($A10,'Skill Reference'!$A$5:$A$24,0)),IF($E10<INDEX('Skill Reference'!$G$5:$G$24,MATCH($A10,'Skill Reference'!$A$5:$A$24,0)),INDEX('Skill Reference'!$H$5:$H$24,MATCH($A10,'Skill Reference'!$A$5:$A$24,0)),IF($E10<=INDEX('Skill Reference'!$F$5:$F$24,MATCH($A10,'Skill Reference'!$A$5:$A$24,0)),INDEX('Skill Reference'!$G$5:$G$24,MATCH($A10,'Skill Reference'!$A$5:$A$24,0)),INDEX('Skill Reference'!$F$5:$F$24,MATCH($A10,'Skill Reference'!$A$5:$A$24,0)))))) -> 1 | G10: =IF($E10<=INDEX('Skill Reference'!$I$5:$I$24,MATCH($A10,'Skill Reference'!$A$5:$A$24,0)),INDEX('Skill Reference'!$H$5:$H$24,MATCH($A10,'Skill Reference'!$A$5:$A$24,0)),IF($E10<INDEX('Skill Reference'!$H$5:$H$24,MATCH($A10,'Skill Reference'!$A$5:$A$24,0)),INDEX('Skill Reference'!$H$5:$H$24,MATCH($A10,'Skill Reference'!$A$5:$A$24,0)),IF($E10<INDEX('Skill Reference'!$G$5:$G$24,MATCH($A10,'Skill Reference'!$A$5:$A$24,0)),INDEX('Skill Reference'!$G$5:$G$24,MATCH($A10,'Skill Reference'!$A$5:$A$24,0)),IF($E10<=INDEX('Skill Reference'!$F$5:$F$24,MATCH($A10,'Skill Reference'!$A$5:$A$24,0)),INDEX('Skill Reference'!$F$5:$F$24,MATCH($A10,'Skill Reference'!$A$5:$A$24,0)),INDEX('Skill Reference'!$E$5:$E$24,MATCH($A10,'Skill Reference'!$A$5:$A$24,0)))))) -> 1.1682 | H10: =IF($E10<=INDEX('Skill Reference'!$I$5:$I$24,MATCH($A10,'Skill Reference'!$A$5:$A$24,0)),0,IF($E10<INDEX('Skill Reference'!$G$5:$G$24,MATCH($A10,'Skill Reference'!$A$5:$A$24,0)),0,IF($E10<=INDEX('Skill Reference'!$F$5:$F$24,MATCH($A10,'Skill Reference'!$A$5:$A$24,0)),($E10-INDEX('Skill Reference'!$G$5:$G$24,MATCH($A10,'Skill Reference'!$A$5:$A$24,0)))/(INDEX('Skill Reference'!$F$5:$F$24,MATCH($A10,'Skill Reference'!$A$5:$A$24,0))-INDEX('Skill Reference'!$G$5:$G$24,MATCH($A10,'Skill Reference'!$A$5:$A$24,0))),IF($E10<=INDEX('Skill Reference'!$E$5:$E$24,MATCH($A10,'Skill Reference'!$A$5:$A$24,0)),($E10-INDEX('Skill Reference'!$F$5:$F$24,MATCH($A10,'Skill Reference'!$A$5:$A$24,0)))/(INDEX('Skill Reference'!$E$5:$E$24,MATCH($A10,'Skill Reference'!$A$5:$A$24,0))-INDEX('Skill Reference'!$F$5:$F$24,MATCH($A10,'Skill Reference'!$A$5:$A$24,0))),1)))) -> 0.54048211 | I10: =IF($E10<=INDEX('Skill Reference'!$I$5:$I$24,MATCH($A10,'Skill Reference'!$A$5:$A$24,0)),1,IF($E10<INDEX('Skill Reference'!$H$5:$H$24,MATCH($A10,'Skill Reference'!$A$5:$A$24,0)),1,IF($E10<INDEX('Skill Reference'!$G$5:$G$24,MATCH($A10,'Skill Reference'!$A$5:$A$24,0)),2,IF($E10<=INDEX('Skill Reference'!$F$5:$F$24,MATCH($A10,'Skill Reference'!$A$5:$A$24,0)),3+($E10-INDEX('Skill Reference'!$G$5:$G$24,MATCH($A10,'Skill Reference'!$A$5:$A$24,0)))/(INDEX('Skill Reference'!$F$5:$F$24,MATCH($A10,'Skill Reference'!$A$5:$A$24,0))-INDEX('Skill Reference'!$G$5:$G$24,MATCH($A10,'Skill Reference'!$A$5:$A$24,0))),IF($E10<=INDEX('Skill Reference'!$E$5:$E$24,MATCH($A10,'Skill Reference'!$A$5:$A$24,0)),4+($E10-INDEX('Skill Reference'!$F$5:$F$24,MATCH($A10,'Skill Reference'!$A$5:$A$24,0)))/(INDEX('Skill Reference'!$E$5:$E$24,MATCH($A10,'Skill Reference'!$A$5:$A$24,0))-INDEX('Skill Reference'!$F$5:$F$24,MATCH($A10,'Skill Reference'!$A$5:$A$24,0))),5))))) -> 3.5404821
A11: Fax | B11: 14 | C11: =INDEX('Skill Reference'!$B$5:$B$24,MATCH($A11,'Skill Reference'!$A$5:$A$24,0)) -> 11 | D11: =INDEX('Skill Reference'!$D$5:$D$24,MATCH($A11,'Skill Reference'!$A$5:$A$24,0)) -> No | E11: =IF($D11="Yes",$C11/$B11,$B11/$C11) -> 1.2727273 | F11: =IF($E11<=INDEX('Skill Reference'!$I$5:$I$24,MATCH($A11,'Skill Reference'!$A$5:$A$24,0)),INDEX('Skill Reference'!$I$5:$I$24,MATCH($A11,'Skill Reference'!$A$5:$A$24,0)),IF($E11<INDEX('Skill Reference'!$H$5:$H$24,MATCH($A11,'Skill Reference'!$A$5:$A$24,0)),INDEX('Skill Reference'!$I$5:$I$24,MATCH($A11,'Skill Reference'!$A$5:$A$24,0)),IF($E11<INDEX('Skill Reference'!$G$5:$G$24,MATCH($A11,'Skill Reference'!$A$5:$A$24,0)),INDEX('Skill Reference'!$H$5:$H$24,MATCH($A11,'Skill Reference'!$A$5:$A$24,0)),IF($E11<=INDEX('Skill Reference'!$F$5:$F$24,MATCH($A11,'Skill Reference'!$A$5:$A$24,0)),INDEX('Skill Reference'!$G$5:$G$24,MATCH($A11,'Skill Reference'!$A$5:$A$24,0)),INDEX('Skill Reference'!$F$5:$F$24,MATCH($A11,'Skill Reference'!$A$5:$A$24,0)))))) -> 1.1682 | G11: =IF($E11<=INDEX('Skill Reference'!$I$5:$I$24,MATCH($A11,'Skill Reference'!$A$5:$A$24,0)),INDEX('Skill Reference'!$H$5:$H$24,MATCH($A11,'Skill Reference'!$A$5:$A$24,0)),IF($E11<INDEX('Skill Reference'!$H$5:$H$24,MATCH($A11,'Skill Reference'!$A$5:$A$24,0)),INDEX('Skill Reference'!$H$5:$H$24,MATCH($A11,'Skill Reference'!$A$5:$A$24,0)),IF($E11<INDEX('Skill Reference'!$G$5:$G$24,MATCH($A11,'Skill Reference'!$A$5:$A$24,0)),INDEX('Skill Reference'!$G$5:$G$24,MATCH($A11,'Skill Reference'!$A$5:$A$24,0)),IF($E11<=INDEX('Skill Reference'!$F$5:$F$24,MATCH($A11,'Skill Reference'!$A$5:$A$24,0)),INDEX('Skill Reference'!$F$5:$F$24,MATCH($A11,'Skill Reference'!$A$5:$A$24,0)),INDEX('Skill Reference'!$E$5:$E$24,MATCH($A11,'Skill Reference'!$A$5:$A$24,0)))))) -> 1.2727 | H11: =IF($E11<=INDEX('Skill Reference'!$I$5:$I$24,MATCH($A11,'Skill Reference'!$A$5:$A$24,0)),0,IF($E11<INDEX('Skill Reference'!$G$5:$G$24,MATCH($A11,'Skill Reference'!$A$5:$A$24,0)),0,IF($E11<=INDEX('Skill Reference'!$F$5:$F$24,MATCH($A11,'Skill Reference'!$A$5:$A$24,0)),($E11-INDEX('Skill Reference'!$G$5:$G$24,MATCH($A11,'Skill Reference'!$A$5:$A$24,0)))/(INDEX('Skill Reference'!$F$5:$F$24,MATCH($A11,'Skill Reference'!$A$5:$A$24,0))-INDEX('Skill Reference'!$G$5:$G$24,MATCH($A11,'Skill Reference'!$A$5:$A$24,0))),IF($E11<=INDEX('Skill Reference'!$E$5:$E$24,MATCH($A11,'Skill Reference'!$A$5:$A$24,0)),($E11-INDEX('Skill Reference'!$F$5:$F$24,MATCH($A11,'Skill Reference'!$A$5:$A$24,0)))/(INDEX('Skill Reference'!$E$5:$E$24,MATCH($A11,'Skill Reference'!$A$5:$A$24,0))-INDEX('Skill Reference'!$F$5:$F$24,MATCH($A11,'Skill Reference'!$A$5:$A$24,0))),1)))) -> 1 | I11: =IF($E11<=INDEX('Skill Reference'!$I$5:$I$24,MATCH($A11,'Skill Reference'!$A$5:$A$24,0)),1,IF($E11<INDEX('Skill Reference'!$H$5:$H$24,MATCH($A11,'Skill Reference'!$A$5:$A$24,0)),1,IF($E11<INDEX('Skill Reference'!$G$5:$G$24,MATCH($A11,'Skill Reference'!$A$5:$A$24,0)),2,IF($E11<=INDEX('Skill Reference'!$F$5:$F$24,MATCH($A11,'Skill Reference'!$A$5:$A$24,0)),3+($E11-INDEX('Skill Reference'!$G$5:$G$24,MATCH($A11,'Skill Reference'!$A$5:$A$24,0)))/(INDEX('Skill Reference'!$F$5:$F$24,MATCH($A11,'Skill Reference'!$A$5:$A$24,0))-INDEX('Skill Reference'!$G$5:$G$24,MATCH($A11,'Skill Reference'!$A$5:$A$24,0))),IF($E11<=INDEX('Skill Reference'!$E$5:$E$24,MATCH($A11,'Skill Reference'!$A$5:$A$24,0)),4+($E11-INDEX('Skill Reference'!$F$5:$F$24,MATCH($A11,'Skill Reference'!$A$5:$A$24,0)))/(INDEX('Skill Reference'!$E$5:$E$24,MATCH($A11,'Skill Reference'!$A$5:$A$24,0))-INDEX('Skill Reference'!$F$5:$F$24,MATCH($A11,'Skill Reference'!$A$5:$A$24,0))),5))))) -> 5
A12: PartD_Phones | B12: 450 | C12: =INDEX('Skill Reference'!$B$5:$B$24,MATCH($A12,'Skill Reference'!$A$5:$A$24,0)) -> 500 | D12: =INDEX('Skill Reference'!$D$5:$D$24,MATCH($A12,'Skill Reference'!$A$5:$A$24,0)) -> Yes | E12: =IF($D12="Yes",$C12/$B12,$B12/$C12) -> 1.1111111 | F12: =IF($E12<=INDEX('Skill Reference'!$I$5:$I$24,MATCH($A12,'Skill Reference'!$A$5:$A$24,0)),INDEX('Skill Reference'!$I$5:$I$24,MATCH($A12,'Skill Reference'!$A$5:$A$24,0)),IF($E12<INDEX('Skill Reference'!$H$5:$H$24,MATCH($A12,'Skill Reference'!$A$5:$A$24,0)),INDEX('Skill Reference'!$I$5:$I$24,MATCH($A12,'Skill Reference'!$A$5:$A$24,0)),IF($E12<INDEX('Skill Reference'!$G$5:$G$24,MATCH($A12,'Skill Reference'!$A$5:$A$24,0)),INDEX('Skill Reference'!$H$5:$H$24,MATCH($A12,'Skill Reference'!$A$5:$A$24,0)),IF($E12<=INDEX('Skill Reference'!$F$5:$F$24,MATCH($A12,'Skill Reference'!$A$5:$A$24,0)),INDEX('Skill Reference'!$G$5:$G$24,MATCH($A12,'Skill Reference'!$A$5:$A$24,0)),INDEX('Skill Reference'!$F$5:$F$24,MATCH($A12,'Skill Reference'!$A$5:$A$24,0)))))) -> 1.0892 | G12: =IF($E12<=INDEX('Skill Reference'!$I$5:$I$24,MATCH($A12,'Skill Reference'!$A$5:$A$24,0)),INDEX('Skill Reference'!$H$5:$H$24,MATCH($A12,'Skill Reference'!$A$5:$A$24,0)),IF($E12<INDEX('Skill Reference'!$H$5:$H$24,MATCH($A12,'Skill Reference'!$A$5:$A$24,0)),INDEX('Skill Reference'!$H$5:$H$24,MATCH($A12,'Skill Reference'!$A$5:$A$24,0)),IF($E12<INDEX('Skill Reference'!$G$5:$G$24,MATCH($A12,'Skill Reference'!$A$5:$A$24,0)),INDEX('Skill Reference'!$G$5:$G$24,MATCH($A12,'Skill Reference'!$A$5:$A$24,0)),IF($E12<=INDEX('Skill Reference'!$F$5:$F$24,MATCH($A12,'Skill Reference'!$A$5:$A$24,0)),INDEX('Skill Reference'!$F$5:$F$24,MATCH($A12,'Skill Reference'!$A$5:$A$24,0)),INDEX('Skill Reference'!$E$5:$E$24,MATCH($A12,'Skill Reference'!$A$5:$A$24,0)))))) -> 1.1788 | H12: =IF($E12<=INDEX('Skill Reference'!$I$5:$I$24,MATCH($A12,'Skill Reference'!$A$5:$A$24,0)),0,IF($E12<INDEX('Skill Reference'!$G$5:$G$24,MATCH($A12,'Skill Reference'!$A$5:$A$24,0)),0,IF($E12<=INDEX('Skill Reference'!$F$5:$F$24,MATCH($A12,'Skill Reference'!$A$5:$A$24,0)),($E12-INDEX('Skill Reference'!$G$5:$G$24,MATCH($A12,'Skill Reference'!$A$5:$A$24,0)))/(INDEX('Skill Reference'!$F$5:$F$24,MATCH($A12,'Skill Reference'!$A$5:$A$24,0))-INDEX('Skill Reference'!$G$5:$G$24,MATCH($A12,'Skill Reference'!$A$5:$A$24,0))),IF($E12<=INDEX('Skill Reference'!$E$5:$E$24,MATCH($A12,'Skill Reference'!$A$5:$A$24,0)),($E12-INDEX('Skill Reference'!$F$5:$F$24,MATCH($A12,'Skill Reference'!$A$5:$A$24,0)))/(INDEX('Skill Reference'!$E$5:$E$24,MATCH($A12,'Skill Reference'!$A$5:$A$24,0))-INDEX('Skill Reference'!$F$5:$F$24,MATCH($A12,'Skill Reference'!$A$5:$A$24,0))),1)))) -> 0.24454365 | I12: =IF($E12<=INDEX('Skill Reference'!$I$5:$I$24,MATCH($A12,'Skill Reference'!$A$5:$A$24,0)),1,IF($E12<INDEX('Skill Reference'!$H$5:$H$24,MATCH($A12,'Skill Reference'!$A$5:$A$24,0)),1,IF($E12<INDEX('Skill Reference'!$G$5:$G$24,MATCH($A12,'Skill Reference'!$A$5:$A$24,0)),2,IF($E12<=INDEX('Skill Reference'!$F$5:$F$24,MATCH($A12,'Skill Reference'!$A$5:$A$24,0)),3+($E12-INDEX('Skill Reference'!$G$5:$G$24,MATCH($A12,'Skill Reference'!$A$5:$A$24,0)))/(INDEX('Skill Reference'!$F$5:$F$24,MATCH($A12,'Skill Reference'!$A$5:$A$24,0))-INDEX('Skill Reference'!$G$5:$G$24,MATCH($A12,'Skill Reference'!$A$5:$A$24,0))),IF($E12<=INDEX('Skill Reference'!$E$5:$E$24,MATCH($A12,'Skill Reference'!$A$5:$A$24,0)),4+($E12-INDEX('Skill Reference'!$F$5:$F$24,MATCH($A12,'Skill Reference'!$A$5:$A$24,0)))/(INDEX('Skill Reference'!$E$5:$E$24,MATCH($A12,'Skill Reference'!$A$5:$A$24,0))-INDEX('Skill Reference'!$F$5:$F$24,MATCH($A12,'Skill Reference'!$A$5:$A$24,0))),5))))) -> 4.2445437
A14: The first two Fax rows land below the Rating 3 threshold and get a flat 1.0 or 2.0 with no interpolation. The third and fourth rows are above Rating 3 and interpolate smoothly. The PartD_Phones row uses the flipped Ratio formula since it's a Lower-is-Better skill.

Sheet Final Production Rate
A1: Final Production Rate — Worked Example
A2: One employee across three skills. Change Actual or ProdHrs (blue cells) to see it recalculate.
A4: FORMULA — Each skill's Rating (1.0-5.0, from the 'Skill Rating Calc' logic) is weighted by that skill's share of the employee's total Production Hours: Weight = ProdHrs / SUM(all ProdHrs). Final Production Rate = SUM(Rating x Weight) across every skill the employee has.
A7: Skill | B7: Actual | C7: Target | D7: ProdHrs | E7: Ratio | F7: Rating | G7: Weight | H7: Weighted Score
A8: Fax | B8: 12 | C8: =INDEX('Skill Reference'!$B$5:$B$24,MATCH($A8,'Skill Reference'!$A$5:$A$24,0)) -> 11 | D8: 56 | E8: =IF(INDEX('Skill Reference'!$D$5:$D$24,MATCH($A8,'Skill Reference'!$A$5:$A$24,0))="Yes",$C8/$B8,$B8/$C8) -> 1.0909091 | F8: =IF($E8<=INDEX('Skill Reference'!$I$5:$I$24,MATCH($A8,'Skill Reference'!$A$5:$A$24,0)),1,IF($E8<INDEX('Skill Reference'!$H$5:$H$24,MATCH($A8,'Skill Reference'!$A$5:$A$24,0)),1,IF($E8<INDEX('Skill Reference'!$G$5:$G$24,MATCH($A8,'Skill Reference'!$A$5:$A$24,0)),2,IF($E8<=INDEX('Skill Reference'!$F$5:$F$24,MATCH($A8,'Skill Reference'!$A$5:$A$24,0)),3+($E8-INDEX('Skill Reference'!$G$5:$G$24,MATCH($A8,'Skill Reference'!$A$5:$A$24,0)))/(INDEX('Skill Reference'!$F$5:$F$24,MATCH($A8,'Skill Reference'!$A$5:$A$24,0))-INDEX('Skill Reference'!$G$5:$G$24,MATCH($A8,'Skill Reference'!$A$5:$A$24,0))),IF($E8<=INDEX('Skill Reference'!$E$5:$E$24,MATCH($A8,'Skill Reference'!$A$5:$A$24,0)),4+($E8-INDEX('Skill Reference'!$F$5:$F$24,MATCH($A8,'Skill Reference'!$A$5:$A$24,0)))/(INDEX('Skill Reference'!$E$5:$E$24,MATCH($A8,'Skill Reference'!$A$5:$A$24,0))-INDEX('Skill Reference'!$F$5:$F$24,MATCH($A8,'Skill Reference'!$A$5:$A$24,0))),5))))) -> 3.5404821 | G8: =$D8/SUM($D$8:$D$10) -> 0.5045045 | H8: =F8*G8 -> 1.7861892
A9: PartD_Phones | B9: 485 | C9: =INDEX('Skill Reference'!$B$5:$B$24,MATCH($A9,'Skill Reference'!$A$5:$A$24,0)) -> 500 | D9: 32 | E9: =IF(INDEX('Skill Reference'!$D$5:$D$24,MATCH($A9,'Skill Reference'!$A$5:$A$24,0))="Yes",$C9/$B9,$B9/$C9) -> 1.0309278 | F9: =IF($E9<=INDEX('Skill Reference'!$I$5:$I$24,MATCH($A9,'Skill Reference'!$A$5:$A$24,0)),1,IF($E9<INDEX('Skill Reference'!$H$5:$H$24,MATCH($A9,'Skill Reference'!$A$5:$A$24,0)),1,IF($E9<INDEX('Skill Reference'!$G$5:$G$24,MATCH($A9,'Skill Reference'!$A$5:$A$24,0)),2,IF($E9<=INDEX('Skill Reference'!$F$5:$F$24,MATCH($A9,'Skill Reference'!$A$5:$A$24,0)),3+($E9-INDEX('Skill Reference'!$G$5:$G$24,MATCH($A9,'Skill Reference'!$A$5:$A$24,0)))/(INDEX('Skill Reference'!$F$5:$F$24,MATCH($A9,'Skill Reference'!$A$5:$A$24,0))-INDEX('Skill Reference'!$G$5:$G$24,MATCH($A9,'Skill Reference'!$A$5:$A$24,0))),IF($E9<=INDEX('Skill Reference'!$E$5:$E$24,MATCH($A9,'Skill Reference'!$A$5:$A$24,0)),4+($E9-INDEX('Skill Reference'!$F$5:$F$24,MATCH($A9,'Skill Reference'!$A$5:$A$24,0)))/(INDEX('Skill Reference'!$E$5:$E$24,MATCH($A9,'Skill Reference'!$A$5:$A$24,0))-INDEX('Skill Reference'!$F$5:$F$24,MATCH($A9,'Skill Reference'!$A$5:$A$24,0))),5))))) -> 3.3467246 | G9: =$D9/SUM($D$8:$D$10) -> 0.28828829 | H9: =F9*G9 -> 0.96482151
A10: GLP_1 | B10: 17 | C10: =INDEX('Skill Reference'!$B$5:$B$24,MATCH($A10,'Skill Reference'!$A$5:$A$24,0)) -> 15 | D10: 23 | E10: =IF(INDEX('Skill Reference'!$D$5:$D$24,MATCH($A10,'Skill Reference'!$A$5:$A$24,0))="Yes",$C10/$B10,$B10/$C10) -> 1.1333333 | F10: =IF($E10<=INDEX('Skill Reference'!$I$5:$I$24,MATCH($A10,'Skill Reference'!$A$5:$A$24,0)),1,IF($E10<INDEX('Skill Reference'!$H$5:$H$24,MATCH($A10,'Skill Reference'!$A$5:$A$24,0)),1,IF($E10<INDEX('Skill Reference'!$G$5:$G$24,MATCH($A10,'Skill Reference'!$A$5:$A$24,0)),2,IF($E10<=INDEX('Skill Reference'!$F$5:$F$24,MATCH($A10,'Skill Reference'!$A$5:$A$24,0)),3+($E10-INDEX('Skill Reference'!$G$5:$G$24,MATCH($A10,'Skill Reference'!$A$5:$A$24,0)))/(INDEX('Skill Reference'!$F$5:$F$24,MATCH($A10,'Skill Reference'!$A$5:$A$24,0))-INDEX('Skill Reference'!$G$5:$G$24,MATCH($A10,'Skill Reference'!$A$5:$A$24,0))),IF($E10<=INDEX('Skill Reference'!$E$5:$E$24,MATCH($A10,'Skill Reference'!$A$5:$A$24,0)),4+($E10-INDEX('Skill Reference'!$F$5:$F$24,MATCH($A10,'Skill Reference'!$A$5:$A$24,0)))/(INDEX('Skill Reference'!$E$5:$E$24,MATCH($A10,'Skill Reference'!$A$5:$A$24,0))-INDEX('Skill Reference'!$F$5:$F$24,MATCH($A10,'Skill Reference'!$A$5:$A$24,0))),5))))) -> 3.7936508 | G10: =$D10/SUM($D$8:$D$10) -> 0.20720721 | H10: =F10*G10 -> 0.78607179
A11: Total Production Hours | D11: =SUM(D8:D10) -> 111
A12: FINAL PRODUCTION RATE | H12: =SUM(H8:H10) -> 3.5370825
A14: Pass / Fail (rate only, see next tab for full rule) | B14: =IF(H12>=2.99,"Pass","Fail") -> Pass

Sheet DPU & DPO
A1: DPU & DPO — Worked Example
A2: One employee's Quality-tab rows. Change Audits / Markdown / <100 (blue cells) to see it recalculate.
A4: DPU (Defects Per Unit) = (Total Audits - Total <100 scores) / Total Audits - summed across every Quality-tab row for the employee, regardless of skill. DPO (Defects Per Opportunity) = (Total Attributes - Total Markdown) / Total Attributes, where each row's Attributes contribution = that row's own skill's Attributes value (from Skill Reference) x that row's Audits, then summed across all the employee's Quality rows.
A9: Skill | B9: Audits | C9: Markdown | D9: <100 | E9: Attributes (per audit) | F9: Row Attributes (Attr x Audits)
A10: EDITS | B10: 5 | C10: 2 | D10: 1 | E10: =INDEX('Skill Reference'!$C$5:$C$24,MATCH($A10,'Skill Reference'!$A$5:$A$24,0)) -> 8 | F10: =E10*B10 -> 40
A11: Fax | B11: 3 | C11: 1 | D11: 1 | E11: =INDEX('Skill Reference'!$C$5:$C$24,MATCH($A11,'Skill Reference'!$A$5:$A$24,0)) -> 25 | F11: =E11*B11 -> 75
A13: Totals | B13: =SUM(B10:B11) -> 8 | C13: =SUM(C10:C11) -> 3 | D13: =SUM(D10:D11) -> 2 | F13: =SUM(F10:F11) -> 115
A15: DPU | B15: =(B13-D13)/B13 -> 0.75
A16: DPO | B16: =(F13-C13)/F13 -> 0.97391304

Sheet Pass-Fail & Team Metrics
A1: Pass / Fail Rule & Team Metrics
A2: A small roster demonstrating the Pass/Fail rule and the team-level rates built from it.
A4: PASS/FAIL RULE — an employee PASSES if Final Production Rate >= 2.99 AND DPU >= 95% AND DPO >= 95%. If an employee has no DPU or DPO data at all (blank), that specific check is skipped and Pass depends only on Final Production Rate >= 2.99. "Needs Review" = complete data that fails the Pass criteria. "Missing Data" = at least one skill missing its Target, thresholds, Actual, or ProdHrs (not modeled in this simplified roster).
A8: Employee | B8: Final Rate | C8: DPU | D8: DPO | E8: Supervisor | F8: Manager | G8: Status
A9: Employee A | B9: 3.42 | C9: 1 | D9: 0.9739 | E9: Lea | F9: Archie | G9: =IF(AND($B9>=2.99,OR($C9="",$C9>=0.95),OR($D9="",$D9>=0.95)),"Pass","Fail") -> Pass
A10: Employee B | B10: 2.43 | C10: 1 | D10: 1 | E10: Lea | F10: Archie | G10: =IF(AND($B10>=2.99,OR($C10="",$C10>=0.95),OR($D10="",$D10>=0.95)),"Pass","Fail") -> Fail
A11: Employee C | B11: 4.63 | C11: 1 | D11: 0.9565 | E11: Test | F11: Archie | G11: =IF(AND($B11>=2.99,OR($C11="",$C11>=0.95),OR($D11="",$D11>=0.95)),"Pass","Fail") -> Pass
A12: Employee D | B12: 3.05 | C12: 0.933 | E12: Test | F12: Beulah | G12: =IF(AND($B12>=2.99,OR($C12="",$C12>=0.95),OR($D12="",$D12>=0.95)),"Pass","Fail") -> Fail
A13: Employee E | B13: 1.96 | E13: Lea | F13: Beulah | G13: =IF(AND($B13>=2.99,OR($C13="",$C13>=0.95),OR($D13="",$D13>=0.95)),"Pass","Fail") -> Fail
A14: Employee F | B14: 5 | E14: Test | F14: Beulah | G14: =IF(AND($B14>=2.99,OR($C14="",$C14>=0.95),OR($D14="",$D14>=0.95)),"Pass","Fail") -> Pass
A17: Team Pass Rate | B17: =COUNTIF(G9:G14,"Pass")/COUNTA(A9:A14) -> 0.5
A18: Prod Penetration Rate | B18: =COUNTIF(B9:B14,">=2.99")/COUNTA(A9:A14) -> 0.66666667 | C18: Looser than Team Pass Rate — only checks Final Production Rate, ignoring DPU/DPO entirely.
A20: Supervisor PAR% example ("Lea") | B20: =COUNTIFS(E9:E14,"Lea",G9:G14,"Pass")/COUNTIF(E9:E14,"Lea") -> 0.33333333
A21: Manager PAR% example ("Archie") | B21: =COUNTIFS(F9:F14,"Archie",G9:G14,"Pass")/COUNTIF(F9:F14,"Archie") -> 0.66666667
A22: Supervisor and Manager are independent groupings (every employee has both) — PAR% works identically for either.
